# Planted faults for the settable generator options (qrcode-symbologies.md, Public API direction).
# ro-*: `readonly` taken off a hand-written getter. new-*: a member added without it. Both make the compiler copy the struct
# when it is read through `in`. init-*: an option back on an init accessor. mask-*: a MaskPattern bound one step loose.
# clobber-* and offset-*: a setter that writes another member, or the value where the offset from the default belongs.
#
#   dotnet run tools/mutation_check.cs -- run tools/mutants/generator-options-settable.tsv <out-dir>
#
# The two shipping projects enforce code style when they build, so ro-* and new-* stop at IDE0251 and the run reports
# BUILD FAILED, as it does for init-*, where the assignment tests no longer compile. To see which test catches ro-* and
# new-* without the analyzer, put a Directory.Build.rsp holding -p:EnforceCodeStyleInBuild=false in the repository root
# for the run and delete it afterwards.
#
# Against the full suite (2026-10-10) all 19 are refused. ro-* and new-* fail the build with IDE0251, and with code style off
# SettableStruct_EveryMemberButASetterIsReadOnly catches each of them, alone for all but new-pair. init-qr-kanji fails the build
# of the tests. The rest are caught by GeneratorOptionsAssignmentTest, among others.
ro-qr-quiet	src/FeatherQR/QRCodeGeneratorOptions.cs	readonly get => DefaultQuietZone + _quietZoneSizeOffset;	get => DefaultQuietZone + _quietZoneSizeOffset;
ro-qr-mask	src/FeatherQR/QRCodeGeneratorOptions.cs	readonly get => _maskPattern;	get => _maskPattern;
ro-micro-mask	src/FeatherQR/MicroQRCodeGeneratorOptions.cs	readonly get => _maskPattern;	get => _maskPattern;
ro-micro-quiet	src/FeatherQR/MicroQRCodeGeneratorOptions.cs	readonly get => MicroQRCodeGenerator.DefaultQuietZone + _quietZoneSizeOffset;	get => MicroQRCodeGenerator.DefaultQuietZone + _quietZoneSizeOffset;
ro-rm-quiet	src/FeatherQR/RmQRCodeGeneratorOptions.cs	readonly get => RmQRConstants.QuietZoneModules + _quietZoneSizeOffset;	get => RmQRConstants.QuietZoneModules + _quietZoneSizeOffset;
new-method	src/FeatherQR/QRCodeGeneratorOptions.cs	    public bool AllowKanji { get; set; }	    public bool AllowKanji { get; set; }␤␤    public bool IsPlain() => EciMode == EciMode.Default && !AllowKanji;
new-computed	src/FeatherQR/MicroQRCodeGeneratorOptions.cs	    public bool AllowKanji { get; set; }	    public bool AllowKanji { get; set; }␤␤    public bool HasFixedMask => _maskPattern.HasValue;
new-pair	src/FeatherQR/RmQRCodeGeneratorOptions.cs	    public bool AllowKanji { get; set; }	    public bool AllowKanji { get; set; }␤␤    public int Offset { get => _quietZoneSizeOffset; set => _quietZoneSizeOffset = value; }
init-qr-kanji	src/FeatherQR/QRCodeGeneratorOptions.cs	    public bool AllowKanji { get; set; }	    public bool AllowKanji { get; init; }
mask-qr-upper	src/FeatherQR/QRCodeGeneratorOptions.cs	if (value is < 0 or > 7)	if (value is < 0 or > 8)
mask-qr-lower	src/FeatherQR/QRCodeGeneratorOptions.cs	if (value is < 0 or > 7)	if (value is < -1 or > 7)
mask-micro-upper	src/FeatherQR/MicroQRCodeGeneratorOptions.cs	if (value is < 0 or > 3)	if (value is < 0 or > 4)
mask-micro-lower	src/FeatherQR/MicroQRCodeGeneratorOptions.cs	if (value is < 0 or > 3)	if (value is < -1 or > 3)
clobber-qr-quiet	src/FeatherQR/QRCodeGeneratorOptions.cs	set => _quietZoneSizeOffset = value - DefaultQuietZone;	set { _quietZoneSizeOffset = value - DefaultQuietZone; _maskPattern = null; }
clobber-qr-mask	src/FeatherQR/QRCodeGeneratorOptions.cs	            _maskPattern = value;	            _maskPattern = value;␤            _quietZoneSizeOffset = 0;
clobber-micro-quiet	src/FeatherQR/MicroQRCodeGeneratorOptions.cs	set => _quietZoneSizeOffset = value - MicroQRCodeGenerator.DefaultQuietZone;	set { _quietZoneSizeOffset = value - MicroQRCodeGenerator.DefaultQuietZone; _maskPattern = null; }
clobber-micro-mask	src/FeatherQR/MicroQRCodeGeneratorOptions.cs	            _maskPattern = value;	            _maskPattern = value;␤            _quietZoneSizeOffset = 0;
offset-qr-quiet	src/FeatherQR/QRCodeGeneratorOptions.cs	set => _quietZoneSizeOffset = value - DefaultQuietZone;	set => _quietZoneSizeOffset = value;
offset-rm-quiet	src/FeatherQR/RmQRCodeGeneratorOptions.cs	set => _quietZoneSizeOffset = value - RmQRConstants.QuietZoneModules;	set => _quietZoneSizeOffset = value;
