# Planted faults for the shared single-finder candidate scan (qrcode-symbologies.md, single-finder candidate scan, "How it is held").
# One fault at each place a decoder returns on a terminal result, made to go on (MQ-site-*, RQ-site-*, MQ-transposed-after),
# then the scan's, the grid read's, the corners' rules, each decoder's coverage condition and rMQR's re-read budget.
#
#   dotnet run tools/mutation_check.cs -- run tools/mutants/single-finder-candidate-scan.tsv <out-dir>
#
# Against the full suite (2026-10-02) 46 of the 51 are caught. Not caught: MQ-site-perspective, MQ-site-perspective-caller,
# RQ-site-outline-trace, and RQ-site-perspective-caller and RQ-site-fallback, which are equivalent faults. Plant them again when
# these rules or the renders that read through a site change: DestinationContractTest's SymbolsToTime, SkipImages and TwoSkipImages.
MQ-site-size	src/FeatherQR/Internals/MicroQR/MicroQRImageDecoder.cs	                var status = GridRead.Decode<BothWays<AffineGrid>, MicroQRCodeDecodeInfo>(ref grid, image, modules, destination, out charsWritten, out info, ref best, out _, out _);␤                if (IsTerminal(status))	                var status = GridRead.Decode<BothWays<AffineGrid>, MicroQRCodeDecodeInfo>(ref grid, image, modules, destination, out charsWritten, out info, ref best, out _, out _);␤                if (status == DecodeStatus.Success)
MQ-site-timing	src/FeatherQR/Internals/MicroQR/MicroQRImageDecoder.cs	                var timingStatus = DecodeBothWays(modules, grid, timingSize, image, destination, out charsWritten, out info, ref best, out _, out _);␤                if (IsTerminal(timingStatus))	                var timingStatus = DecodeBothWays(modules, grid, timingSize, image, destination, out charsWritten, out info, ref best, out _, out _);␤                if (timingStatus == DecodeStatus.Success)
MQ-site-boundary	src/FeatherQR/Internals/MicroQR/MicroQRImageDecoder.cs	                var boundaryStatus = DecodeBothWays(modules, grid, boundarySize, image, destination, out charsWritten, out info, ref best, out _, out _);␤                if (IsTerminal(boundaryStatus))	                var boundaryStatus = DecodeBothWays(modules, grid, boundarySize, image, destination, out charsWritten, out info, ref best, out _, out _);␤                if (boundaryStatus == DecodeStatus.Success)
MQ-site-turned	src/FeatherQR/Internals/MicroQR/MicroQRImageDecoder.cs	                    var status = GridRead.Decode<BothWays<AffineGrid>, MicroQRCodeDecodeInfo>(ref grid, image, modules, destination, out charsWritten, out info, ref best, out var pastFormat, out _);␤                    if (IsTerminal(status))	                    var status = GridRead.Decode<BothWays<AffineGrid>, MicroQRCodeDecodeInfo>(ref grid, image, modules, destination, out charsWritten, out info, ref best, out var pastFormat, out _);␤                    if (status == DecodeStatus.Success)
MQ-site-scale-caller	src/FeatherQR/Internals/MicroQR/MicroQRImageDecoder.cs	                        ref best, ref attemptsRemaining);␤                    if (IsTerminal(scaledStatus))	                        ref best, ref attemptsRemaining);␤                    if (scaledStatus == DecodeStatus.Success)
MQ-site-perspective-caller	src/FeatherQR/Internals/MicroQR/MicroQRImageDecoder.cs	                        ref attemptsRemaining);␤                    if (IsTerminal(projectiveStatus))	                        ref attemptsRemaining);␤                    if (projectiveStatus == DecodeStatus.Success)
MQ-site-scale	src/FeatherQR/Internals/MicroQR/MicroQRImageDecoder.cs	                        var status = GridRead.Decode<BothWays<AffineGrid>, MicroQRCodeDecodeInfo>(ref grid, image, modules, destination, out charsWritten, out info, ref best, out _, out _);␤                        if (IsTerminal(status))	                        var status = GridRead.Decode<BothWays<AffineGrid>, MicroQRCodeDecodeInfo>(ref grid, image, modules, destination, out charsWritten, out info, ref best, out _, out _);␤                        if (status == DecodeStatus.Success)
MQ-site-perspective	src/FeatherQR/Internals/MicroQR/MicroQRImageDecoder.cs	                var status = GridRead.Decode<BothWays<ProjectiveGrid>, MicroQRCodeDecodeInfo>(ref grid, image, modules, destination, out charsWritten, out info, ref best, out _, out _);␤                if (IsTerminal(status))	                var status = GridRead.Decode<BothWays<ProjectiveGrid>, MicroQRCodeDecodeInfo>(ref grid, image, modules, destination, out charsWritten, out info, ref best, out _, out _);␤                if (status == DecodeStatus.Success)
MQ-transposed-after	src/FeatherQR/Internals/MicroQR/MicroQRImageDecoder.cs	        straight = grid.Decode(modules, new MatrixModules(size), size, image, destination, out charsWritten, out info);␤        if (IsTerminal(straight))	        straight = grid.Decode(modules, new MatrixModules(size), size, image, destination, out charsWritten, out info);␤        if (straight == DecodeStatus.Success)
RQ-site-outline	src/FeatherQR/Internals/RmQR/RmQRImageDecoder.cs	            var status = TryOutlineFrames(image, outline, modules, destination, out charsWritten, out info, ref best, ref attemptsRemaining);␤            if (IsTerminal(status))	            var status = TryOutlineFrames(image, outline, modules, destination, out charsWritten, out info, ref best, ref attemptsRemaining);␤            if (status == DecodeStatus.Success)
RQ-site-outline-trace	src/FeatherQR/Internals/RmQR/RmQRImageDecoder.cs	                var status = TryTracedFrame(image, outline.CenterX, outline.CenterY, uX, uY, vX, vY, version, modules, destination, out charsWritten, out info, ref best, ref attemptsRemaining);␤                if (IsTerminal(status))	                var status = TryTracedFrame(image, outline.CenterX, outline.CenterY, uX, uY, vX, vY, version, modules, destination, out charsWritten, out info, ref best, ref attemptsRemaining);␤                if (status == DecodeStatus.Success)
RQ-site-frame	src/FeatherQR/Internals/RmQR/RmQRImageDecoder.cs	                    ref best, ref attemptsRemaining);␤                if (IsTerminal(status))	                    ref best, ref attemptsRemaining);␤                if (status == DecodeStatus.Success)
RQ-site-boundary	src/FeatherQR/Internals/RmQR/RmQRImageDecoder.cs	            var boundaryStatus = TryBoundaryFrame(image, candidate, uX, uY, vX, vY, moduleLength, modules, destination, out charsWritten, out info, ref best, ref attemptsRemaining);␤            if (IsTerminal(boundaryStatus))	            var boundaryStatus = TryBoundaryFrame(image, candidate, uX, uY, vX, vY, moduleLength, modules, destination, out charsWritten, out info, ref best, ref attemptsRemaining);␤            if (boundaryStatus == DecodeStatus.Success)
RQ-site-scale	src/FeatherQR/Internals/RmQR/RmQRImageDecoder.cs	            // Once frames anchored on the sub-finder read format information, a failure is the data's: on a damaged symbol every later scale only repeated them.␤            if (IsTerminal(status))	            // Once frames anchored on the sub-finder read format information, a failure is the data's: on a damaged symbol every later scale only repeated them.␤            if (status == DecodeStatus.Success)
RQ-site-isotropic	src/FeatherQR/Internals/RmQR/RmQRImageDecoder.cs	                var status = Attempt(image, isotropic, symbolWidth, symbolHeight, samplingSlack, modules, destination, out charsWritten, out info, ref best, ref attemptsRemaining);␤                if (IsTerminal(status))	                var status = Attempt(image, isotropic, symbolWidth, symbolHeight, samplingSlack, modules, destination, out charsWritten, out info, ref best, ref attemptsRemaining);␤                if (status == DecodeStatus.Success)
RQ-site-anisotropic	src/FeatherQR/Internals/RmQR/RmQRImageDecoder.cs	                        status = Attempt(image, anisotropic, symbolWidth, symbolHeight, samplingSlack, modules, destination, out charsWritten, out info, ref best, ref attemptsRemaining);␤                        if (IsTerminal(status))	                        status = Attempt(image, anisotropic, symbolWidth, symbolHeight, samplingSlack, modules, destination, out charsWritten, out info, ref best, ref attemptsRemaining);␤                        if (status == DecodeStatus.Success)
RQ-site-scaled-trace	src/FeatherQR/Internals/RmQR/RmQRImageDecoder.cs	            var status = TryTracedFrame(image, candidate.X, candidate.Y, uX, uY, vX, vY, version, modules, destination, out charsWritten, out info, ref best, ref attemptsRemaining);␤            if (IsTerminal(status))	            var status = TryTracedFrame(image, candidate.X, candidate.Y, uX, uY, vX, vY, version, modules, destination, out charsWritten, out info, ref best, ref attemptsRemaining);␤            if (status == DecodeStatus.Success)
RQ-site-fallback	src/FeatherQR/Internals/RmQR/RmQRImageDecoder.cs	            var status = Attempt(image, affine, symbolWidth, symbolHeight, samplingSlack, modules, destination, out charsWritten, out info, ref best, ref attemptsRemaining);␤            if (IsTerminal(status))	            var status = Attempt(image, affine, symbolWidth, symbolHeight, samplingSlack, modules, destination, out charsWritten, out info, ref best, ref attemptsRemaining);␤            if (status == DecodeStatus.Success)
RQ-site-perspective	src/FeatherQR/Internals/RmQR/RmQRImageDecoder.cs	                    var status = Attempt(image, transform, symbolWidth, symbolHeight, samplingSlack, modules, destination, out charsWritten, out info, ref best, ref attemptsRemaining);␤                    if (IsTerminal(status))	                    var status = Attempt(image, transform, symbolWidth, symbolHeight, samplingSlack, modules, destination, out charsWritten, out info, ref best, ref attemptsRemaining);␤                    if (status == DecodeStatus.Success)
RQ-site-candidate	src/FeatherQR/Internals/RmQR/RmQRImageDecoder.cs	                horizontalModuleSize, 0f, 0f, verticalModuleSize,␤                modules, destination, out charsWritten, out info,␤                ref best, ref attemptsRemaining);␤            if (IsTerminal(status))	                horizontalModuleSize, 0f, 0f, verticalModuleSize,␤                modules, destination, out charsWritten, out info,␤                ref best, ref attemptsRemaining);␤            if (status == DecodeStatus.Success)
RQ-site-sweep	src/FeatherQR/Internals/RmQR/RmQRImageDecoder.cs	                frame.UX, frame.UY, frame.VX, frame.VY,␤                modules, destination, out charsWritten, out info,␤                ref best, ref attemptsRemaining);␤            if (IsTerminal(status))	                frame.UX, frame.UY, frame.VX, frame.VY,␤                modules, destination, out charsWritten, out info,␤                ref best, ref attemptsRemaining);␤            if (status == DecodeStatus.Success)
RQ-site-perspective-caller	src/FeatherQR/Internals/RmQR/RmQRImageDecoder.cs	                observedX, observedY, dX, dY,␤                modules, destination, out charsWritten, out info,␤                ref best, ref attemptsRemaining);␤            if (IsTerminal(status))	                observedX, observedY, dX, dY,␤                modules, destination, out charsWritten, out info,␤                ref best, ref attemptsRemaining);␤            if (status == DecodeStatus.Success)
MQ-corners-straight	src/FeatherQR/Internals/MicroQR/MicroQRImageDecoder.cs	info = info.WithCorners(grid.Corners(size, transposed: false));	info = info.WithCorners(straight == DecodeStatus.Success ? grid.Corners(size, transposed: false) : default);
MQ-corners-transposed	src/FeatherQR/Internals/MicroQR/MicroQRImageDecoder.cs	info = info.WithCorners(grid.Corners(size, transposed: true));	info = info.WithCorners(mirrored == DecodeStatus.Success ? grid.Corners(size, transposed: true) : default);
RQ-corners-grid	src/FeatherQR/Internals/RmQR/RmQRImageDecoder.cs	info = info.WithCorners(SymbolGeometry.FromTransform(_transform, width, height, transposed: false));	info = info.WithCorners(_status == DecodeStatus.Success ? SymbolGeometry.FromTransform(_transform, width, height, transposed: false) : default);
RQ-corners-boundary	src/FeatherQR/Internals/RmQR/RmQRImageDecoder.cs	info = info.WithCorners(SymbolGeometry.FromTransform(outline, symbolWidth, symbolHeight, transposed: false));	info = info.WithCorners(status == DecodeStatus.Success ? SymbolGeometry.FromTransform(outline, symbolWidth, symbolHeight, transposed: false) : default);
SC-first-read-only	src/FeatherQR/Internals/ImageDecoders/CandidateScan.cs	if (result.Status == DecodeStatus.DestinationTooSmall && !corners.IsEmpty)	if (result.Status == DecodeStatus.DestinationTooSmall && !corners.IsEmpty && readCount == 0)
SC-skip-off	src/FeatherQR/Internals/ImageDecoders/CandidateScan.cs	if (SymbolGeometry.AnyContains(	if (false && SymbolGeometry.AnyContains(
SC-corners-reported	src/FeatherQR/Internals/ImageDecoders/CandidateScan.cs	best.Other(result.Status, 0, decoder.WithoutCorners(result.Info));	best.Other(result.Status, 0, result.Info);
SC-scan-stops	src/FeatherQR/Internals/ImageDecoders/CandidateScan.cs	out charsWritten, out info, ref result);	out charsWritten, out info, ref result); if (AttemptStatus.IsTerminal(status)) return status;
SC-shared-result	src/FeatherQR/Internals/ImageDecoders/CandidateScan.cs	out charsWritten, out info, ref result);	out charsWritten, out info, ref best);
SC-first-eight	src/FeatherQR/Internals/ImageDecoders/CandidateScan.cs	var count = Math.Min(ranked.Length, MaxCandidatesToTry);	var count = ranked.Length;
SC-tried-again	src/FeatherQR/Internals/ImageDecoders/CandidateScan.cs	if (FinderPatternFinder.ContainsCandidate(skip, ranked[c]))	if (false && FinderPatternFinder.ContainsCandidate(skip, ranked[c]))
GR-coverage-after	src/FeatherQR/Internals/ImageDecoders/GridRead.cs	if (AttemptStatus.IsTerminal(status) || !image.Grey.IsEnabled	if (!image.Grey.IsEnabled
GR-gate-grey	src/FeatherQR/Internals/ImageDecoders/GridRead.cs	|| !image.Grey.IsEnabled ||	||
GR-gate-past-format	src/FeatherQR/Internals/ImageDecoders/GridRead.cs	|| !pastFormat ||	||
GR-gate-decoder	src/FeatherQR/Internals/ImageDecoders/GridRead.cs	|| !grid.MayReadByCoverage(modules))	)
GR-unchanged-decoded	src/FeatherQR/Internals/ImageDecoders/GridRead.cs	if (!changed)	if (false)
GR-coverage-dts	src/FeatherQR/Internals/ImageDecoders/GridRead.cs	if (AttemptStatus.Progress(coverageStatus) <= AttemptStatus.Progress(status))	if (coverageStatus == DecodeStatus.DestinationTooSmall || AttemptStatus.Progress(coverageStatus) <= AttemptStatus.Progress(status))
GR-coverage-further	src/FeatherQR/Internals/ImageDecoders/GridRead.cs	if (AttemptStatus.Progress(coverageStatus) <= AttemptStatus.Progress(status))	if (!AttemptStatus.IsTerminal(coverageStatus))
SC-nofinder-strided-only	src/FeatherQR/Internals/ImageDecoders/CandidateScan.cs	noFinder = stridedFound == 0 && sweptFound == 0;	noFinder = stridedFound == 0;
SC-sweep-after-read-too-long	src/FeatherQR/Internals/ImageDecoders/CandidateScan.cs	if (AttemptStatus.IsTerminal(status))	if (status == DecodeStatus.Success)
SC-sweep-skip-dropped	src/FeatherQR/Internals/ImageDecoders/CandidateScan.cs	var skip = AttemptStatus.IsSettled(status) ? default : tried.Slice(0, triedCount);	var skip = default(ReadOnlySpan<FinderPattern>);
SC-sweep-skip-after-verdict	src/FeatherQR/Internals/ImageDecoders/CandidateScan.cs	var skip = AttemptStatus.IsSettled(status) ? default : tried.Slice(0, triedCount);	ReadOnlySpan<FinderPattern> skip = tried.Slice(0, triedCount);
SC-sweep-read-too-long-unreported	src/FeatherQR/Internals/ImageDecoders/CandidateScan.cs	if (AttemptStatus.IsSettled(sweptStatus))	if (sweptStatus != DecodeStatus.DestinationTooSmall && AttemptStatus.IsSettled(sweptStatus))
RQ-reread-charge-dropped	src/FeatherQR/Internals/RmQR/RmQRImageDecoder.cs	if (readByCoverage)␤            attemptsRemaining--;	if (false && readByCoverage)␤            attemptsRemaining--;
RQ-reread-without-budget	src/FeatherQR/Internals/RmQR/RmQRImageDecoder.cs	budgetLeft: attemptsRemaining > 0)	budgetLeft: true)
MQ-condition-straight-relaxed	src/FeatherQR/Internals/MicroQR/MicroQRImageDecoder.cs	=> (IsPastFormat(_straight) && MicroQRMatrixDecoder.HasExactFormat(modules, new MatrixModules(size), size))	=> (IsPastFormat(_straight))
MQ-condition-transposed-relaxed	src/FeatherQR/Internals/MicroQR/MicroQRImageDecoder.cs	|| (IsPastFormat(_mirrored) && MicroQRMatrixDecoder.HasExactFormat(modules, new TransposedModules<MatrixModules>(new MatrixModules(size)), size));	|| (IsPastFormat(_mirrored));
MQ-condition-transposed-off	src/FeatherQR/Internals/MicroQR/MicroQRImageDecoder.cs	|| (IsPastFormat(_mirrored) && MicroQRMatrixDecoder	|| (false && MicroQRMatrixDecoder
MQ-condition-straight-off	src/FeatherQR/Internals/MicroQR/MicroQRImageDecoder.cs	=> (IsPastFormat(_straight) && MicroQRMatrixDecoder	=> (false && MicroQRMatrixDecoder
